<?xml version="1.0" encoding="UTF-8"?>
<project-private xmlns="http://www.netbeans.org/ns/project-private/1">
    <editor-bookmarks xmlns="http://www.netbeans.org/ns/editor-bookmarks/2" lastBookmarkId="0"/>
    <open-files xmlns="http://www.netbeans.org/ns/projectui-open-files/2">
        <group>
            <file>file:/C:/Users/ceren/OneDrive/Documents/NetBeansProjects/MaideCeren_Boz_HW4/src/maideceren_boz_hw4/HW4_Hash.java</file>
            <file>file:/C:/Users/ceren/OneDrive/Documents/NetBeansProjects/MaideCeren_Boz_HW4/src/maideceren_boz_hw4/MaideCeren_Boz_HW4.java</file>
            <file>file:/C:/Users/ceren/OneDrive/Documents/NetBeansProjects/MaideCeren_Boz_HW4/src/maideceren_boz_hw4/HashArray.java</file>
        </group>
    </open-files>
</project-private>
